{"(20, 0.1)": [[10, 13.58723047072814], [50, 6.689210993033861], [100, 4.608928462734967], [200, 3.3960792543778444], [300, 1.430492759215677], [400, 2.7147106887701877], [500, 1.7808452628264635]], "(20, 0.3)": [[10, 15.239757149953675], [50, 7.551660363409813], [100, 5.511783090431837], [200, 4.425830552383493], [300, 2.261654765342295], [400, 2.7448396356649662], [500, 2.880985865060059]], "(20, 0.5)": [[10, 18.752580512217552], [50, 8.616390740339504], [100, 2.641066140933968], [200, 3.1907174152990003], [300, 1.9617331282741215], [400, 2.1006214954848716], [500, 2.1151324053931564]], "(20, 0.7)": [[10, 15.435793002462646], [50, 4.388329882477711], [100, 2.114521891966352], [200, 2.8030093446844093], [300, 1.7971939978431475], [400, 1.5312944930565269], [500, 1.3430016512589655]], "(20, 0.9)": [[10, 8.9421038190525], [50, 3.1612961507052377], [100, 3.1038428889598912], [200, 2.260263733875717], [300, 1.491706854593366], [400, 1.1587241773967398], [500, 1.430129039454953]], "(40, 0.1)": [[10, 46.1239981562], [50, 10.527703137912656], [100, 12.814624479396546], [200, 6.172356126792407], [300, 5.492335956155526], [400, 4.187962155722483], [500, 4.494136348237026]], "(40, 0.3)": [[10, 10.81279692951452], [50, 3.812151394914209], [100, 4.683354743438752], [200, 2.8738891648433103], [300, 2.0285114549424366], [400, 2.16912211508071], [500, 1.5966811917281971]], "(40, 0.5)": [[10, 3.7390883224208897], [50, 3.6824884497950117], [100, 2.191722197261536], [200, 1.7589186275656936], [300, 1.3818031676598468], [400, 1.0606000688549675], [500, 1.404275228066962]], "(40, 0.7)": [[10, 11.81612306104997], [50, 2.341866864001684], [100, 0.9571666109748571], [200, 1.2341944083457281], [300, 1.6528774223079215], [400, 1.301591156900245], [500, 0.7098804493808356]], "(40, 0.9)": [[10, 6.642063930117577], [50, 2.2777372650962007], [100, 2.014383496857119], [200, 0.9269624614645158], [300, 1.5157573814394563], [400, 1.008344037058514], [500, 0.7077804917862901]], "(60, 0.1)": [[10, 19.01921218381391], [50, 7.045936629740718], [100, 5.349327292610445], [200, 2.93843338817237], [300, 4.085730671305937], [400, 3.361834880166858], [500, 3.2056714697685025]], "(60, 0.3)": [[10, 10.623251276897088], [50, 4.649667432321373], [100, 2.63109746428537], [200, 2.436020333777556], [300, 1.0395239078601548], [400, 0.8680712573880651], [500, 1.0026419939430578]], "(60, 0.5)": [[10, 7.681332186644889], [50, 4.175435671685116], [100, 2.273285913463101], [200, 1.6938794126645864], [300, 0.9199825877903376], [400, 0.9844922013655883], [500, 1.0330598992021942]], "(60, 0.7)": [[10, 4.962972175102809], [50, 3.310807547181157], [100, 1.83599190418752], [200, 1.3434498205908498], [300, 0.975598206678501], [400, 0.584152254554351], [500, 0.48582449479010037]], "(60, 0.9)": [[10, 4.049365096246424], [50, 1.4966737778461945], [100, 1.4660466047415892], [200, 1.6742485603967594], [300, 0.9581003478362463], [400, 0.9445429031764734], [500, 0.5469364028957929]], "(80, 0.1)": [[10, 23.54419806617505], [50, 6.147053723652091], [100, 3.477814451434616], [200, 3.54730531646893], [300, 2.7530853571637843], [400, 2.4762794602457925], [500, 2.3486557809215567]], "(80, 0.3)": [[10, 7.013186285591847], [50, 2.1627235019909334], [100, 2.06273933440398], [200, 1.9390730063480066], [300, 1.6423121731778174], [400, 1.3394724876293453], [500, 1.0424468888350962]], "(80, 0.5)": [[10, 7.600374741080603], [50, 3.673628809573061], [100, 2.136018637209904], [200, 1.563020503827886], [300, 1.2767641776345133], [400, 1.0010222802893323], [500, 1.4211224351136729]], "(80, 0.7)": [[10, 4.702968737551068], [50, 2.004009298875888], [100, 1.0507790222483098], [200, 0.5861909394493356], [300, 0.5454447927015711], [400, 0.8331944201849406], [500, 0.7799257708779719]], "(80, 0.9)": [[10, 3.3182241801358137], [50, 1.7894162048943756], [100, 0.7864951059595211], [200, 1.0007457897449044], [300, 1.0689114668355741], [400, 0.6270498414660126], [500, 0.5274805296231929]], "(100, 0.1)": [[10, 10.86149061800802], [50, 6.836878315469361], [100, 3.3483219848977663], [200, 2.152521065578526], [300, 2.2602345624305626], [400, 2.237526476797421], [500, 1.8604856466265935]], "(100, 0.3)": [[10, 4.495965383291769], [50, 3.711763007070566], [100, 2.228490760168234], [200, 1.3081590182255816], [300, 1.4836174127350485], [400, 0.9802479649250089], [500, 0.7442123570112722]], "(100, 0.5)": [[10, 5.855784505847936], [50, 1.5912363435040429], [100, 1.8608575811358175], [200, 0.42221301544869566], [300, 1.0281318377362403], [400, 0.7345330236297423], [500, 0.9119293299017937]], "(100, 0.7)": [[10, 3.8387228391142854], [50, 1.4793650985019986], [100, 1.9389973328115062], [200, 0.9476226043981144], [300, 1.0317145104829626], [400, 0.7542225820113891], [500, 0.5978483238462947]], "(100, 0.9)": [[10, 2.8669343932992564], [50, 2.134955375559167], [100, 0.8918454347104046], [200, 1.1007455368396897], [300, 0.6670346052473646], [400, 0.5641704328118397], [500, 0.560738585237172]], "(120, 0.1)": [[10, 13.820229511871322], [50, 4.215495860902633], [100, 4.571333373768715], [200, 2.642807537484686], [300, 2.42258671914297], [400, 2.134443958769517], [500, 1.5901045362003887]], "(120, 0.3)": [[10, 5.021673861744513], [50, 2.84871849583583], [100, 2.6929871756385797], [200, 1.372301088091912], [300, 0.9439537417208133], [400, 1.4297466406312713], [500, 0.9164387836123368]], "(120, 0.5)": [[10, 4.532982620896829], [50, 2.3932057871992685], [100, 1.371792746536626], [200, 1.0775469498062025], [300, 0.8539075537204439], [400, 0.49300963302486167], [500, 0.7141134363651902]], "(120, 0.7)": [[10, 3.028868767890885], [50, 1.8557379754873882], [100, 1.1162898449421812], [200, 0.594834125416597], [300, 0.44976992023306994], [400, 0.6509026951301855], [500, 0.6072688628216596]], "(120, 0.9)": [[10, 3.280193275320868], [50, 1.5227774432606265], [100, 0.7470822336185095], [200, 0.4978383238165124], [300, 0.7386870497407554], [400, 0.5015357886040658], [500, 0.4005928775945214]]}